{
  "project_info": {
    "project_number": "299573264420",
    "firebase_url": "https://fulldriver.firebaseio.com",
    "project_id": "fulldriver",
    "storage_bucket": "fulldriver.appspot.com"
  },
  "client": [
    {
      "client_info": {
        "mobilesdk_app_id": "1:299573264420:android:074723d1b7796488",
        "android_client_info": {
          "package_name": "br.com.amcsystem.fulldriver"
        }
      },
      "oauth_client": [
        {
          "client_id": "299573264420-jlv2nctupjodfopvm1h8h5v85jr52o7a.apps.googleusercontent.com",
          "client_type": 3
        }
      ],
      "api_key": [
        {
          "current_key": "AIzaSyA3G5zMoDvVVi02ct3K5c35sOLIaIztvqA"
        }
      ],
      "services": {
        "appinvite_service": {
          "other_platform_oauth_client": [
            {
              "client_id": "299573264420-jlv2nctupjodfopvm1h8h5v85jr52o7a.apps.googleusercontent.com",
              "client_type": 3
            }
          ]
        }
      }
    },
    {
      "client_info": {
        "mobilesdk_app_id": "1:299573264420:android:0ada93c5e86dbc56",
        "android_client_info": {
          "package_name": "br.com.amcsystem.fulldrivermotorista"
        }
      },
      "oauth_client": [
        {
          "client_id": "299573264420-jlv2nctupjodfopvm1h8h5v85jr52o7a.apps.googleusercontent.com",
          "client_type": 3
        }
      ],
      "api_key": [
        {
          "current_key": "AIzaSyA3G5zMoDvVVi02ct3K5c35sOLIaIztvqA"
        }
      ],
      "services": {
        "appinvite_service": {
          "other_platform_oauth_client": [
            {
              "client_id": "299573264420-jlv2nctupjodfopvm1h8h5v85jr52o7a.apps.googleusercontent.com",
              "client_type": 3
            }
          ]
        }
      }
    }
  ],
  "configuration_version": "1"
}